AgencyID,Agency_Name,Standard_Name,Region,Region_Code,City
A001,2nd Purchase,2nd Purchase2,,,
A002,Abbie @ Odd Salon,Abbie @ Odd Salon,,,
A003,Abbotsford Community Services,Abbotsford Community Services,Lower Mainland , LMFV,Abbotsford
A004,Abbotsford Senior Secondary School ,Abbotsford Senior Secondary School ,Lower Mainland ,LMVI,
A005,ABBOTSFORD WHALERS AQUATIC CLUB,ABBOTSFORD WHALERS AQUATIC CLUB,Lower Mainland , LMFV,Abbotsford
A006,Access Youth Outreach Services Society,Access Youth Outreach Services Society,Lower Mainland , LMFV,Coquitlam
A007,Adams Lake Indian Band,Adams Lake Indian Band,Cariboo , TNC,
A008,Agassiz-Harrison Community Services,Agassiz-Harrison Community Services,Lower Mainland , LMFV,Agassiz
A008,Agassiz-Harrison Community Services Society,Agassiz-Harrison Community Services,Lower Mainland , LMFV,Agassiz
A008,Aggassiz Harrison Community Services,Agassiz-Harrison Community Services,Lower Mainland , LMFV,Agassiz
A009,AIDS Vancouver,AIDS Vancouver,Lower Mainland , LMFV,Vancouver
A010,Air Queen,Air Queen,,,
A010,Air Queen Pads Donation,Air Queen,,,
A011,Aisle,Aisle,Lower Mainland , LMFV,Vancouver
A011,Aisle: Vancity Research Project,Aisle,Lower Mainland , LMFV,Vancouver
A012,Alberni Clayoquot Métis Society ,Alberni Clayoquot Métis Society ,Vancouver Island , CNVI,Port Alberni
A013,Alberni Valley Community School Society,Alberni Valley Community School Society,Vancouver Island , CNVI,Port Alberni
A014,Alexandra Neighbourhood House,Alexandra Neighbourhood House,Lower Mainland , LMFV,White Rock
A014,Alexandra Neighbourhood House (Youth & Family Centre),Alexandra Neighbourhood House,Lower Mainland , LMFV,White Rock
A015,Always and Tampax Corporate Donation,Always and Tampax Corporate Donation,,,
A016,Amata Transition House,Amata Transition House,North Coast,North,Quesnel
A017,ANHBC,ANHBC,Lower Mainland , LMFV,Vancouver
A018,Ann Davis Transition House Society,Ann Davis Transition Society,Lower Mainland , LMFV,Chilliwack
A018,Ann Davis Transition Society,Ann Davis Transition Society,Lower Mainland , LMFV,Chilliwack
A019,Annonymous,Annonymous,Lower Mainland , LMFV,Vancouver
A020,Archway Community Services,Archway Community Services,Lower Mainland ,LMFV,Abbotsford
A021,"Archway Community Services - SACRO, In It Together Program","Archway Community Services - SACRO, In It Together Program",Lower Mainland ,LMFV,Abbotsford
A022,Archway Community Services - Seva Food Pantry,Archway Community Services - Seva Food Pantry,Lower Mainland ,LMFV,Abbotsford
A023,Archway Community Services - Youth Resource Centre,Archway Community Services - Youth Resource Centre,Lower Mainland ,LMFV,Abbotsford
A024,Archway Community Services (Community Connections program),Archway Community Services (Community Connections program),Lower Mainland ,LMFV,Abbotsford
A025,Archway Community Services (Family Connections),Archway Community Services (Family Connections),Lower Mainland ,LMFV,Abbotsford
A026,"Archway Community Services, Family Centre - The Parenting Place & Best for Babies","Archway Community Services, Family Centre - The Parenting Place & Best for Babies",Lower Mainland ,LMFV,Abbotsford
A027,Archway Food Bank of Abbotsford (Archway Community Services),Archway Food Bank of Abbotsford (Archway Community Services),Lower Mainland ,LMFV,Abbotsford
A028,Archway Society for Domestic Peace,Archway Society for Domestic Peace,Thompson Okanagan , SIBC,
A029,Arrow and Slocan Lakes Community Services (ASLCS),Arrow and Slocan Lakes Community Services ,Thompson Okanagan , SIBC,
A030,Ashcroft Indian Band,Ashcroft Indian Band,Cariboo , TNC,
A031,ASK Wellness Society,ASK Wellness Society,Thompson Okanagan , SIBC,Merritt
A032,Atira Women's Resource Society,Atira Women's Resource Society,Lower Mainland , LMFV,Vancouver
A032,Atira Women's Resource Society (Surrey Branch),Atira Women's Resource Society,Lower Mainland , LMFV,Surrey
A032,Atira Women's Society,Atira Women's Resource Society,Lower Mainland , LMFV,Vancouver
A033,Aunt Leah's,Aunt Leah's Independent Lifeskills Society,Lower Mainland , LMFV,New Westminster
A033,Aunt Leah's Independent Lifeskills Society,Aunt Leah's Independent Lifeskills Society,Lower Mainland , LMFV,New Westminster
A033,Aunt Leah's Place,Aunt Leah's Independent Lifeskills Society,Lower Mainland , LMFV,New Westminster
A034,Babeface Aesthetics,Babeface Aesthetics,Cariboo , TNC,Prince George
A034,Babeface Aesthetics ,Babeface Aesthetics,Cariboo , TNC,Prince George
A035,BACI,BACI,Lower Mainland ,LMFV,Burnaby
A036,Barkerville Brewing,Barkerville Brewing,North Coast,North,Quesnel
A037,BC Fed of Labour,BC Fed of Labour,Lower Mainland ,LMFV,Vancouver
A038,BC Positive Living,BC Positive Living,Lower Mainland ,LMFV,Vancouver
A039,CIFPC-Beaver Valley Food Bank,Beaver Valley Food Bank,Kootenay , SIBC,
A040,BGC - Kamloops and Williams Lake,BGC - Kamloops and Williams Lake,Thompson Okanagan , SIBC,
A041,bgc central vancouver island,bgc central vancouver island,Vancouver Island , CNVI,Nanaimo
A042,BGC Kamloops,BGC Kamloops,Thompson Okanagan , SIBC,Kamloops
A042,BGC Kamloops (formerly known as Boys and Girls Kamloops),BGC Kamloops,Thompson Okanagan , SIBC,Kamloops
A043,Big Brothers Big Sisters of the Fraser Valley,Big Brothers Big Sisters of the Fraser Valley,Lower Mainland , LMFV,Langley
A044,Big Brothers of greater Vancouver ,Big Brothers of greater Vancouver ,Lower Mainland , LMFV,Langley
A045,Black Press Media,Black Press Media,Lower Mainland ,LMFV,Surrey
A046,BMO,BMO,,,
A047,Boys & Girls Club,Boys & Girls Club,Thompson Okanagan , SIBC,Kamloops
A048,Boys and Girls Clubs of South Coast BC,Boys and Girls Clubs of South Coast BC,Lower Mainland , LMFV,Vancouver
A049,Bridge River Indian Band,Bridge River Indian Band,Lower Mainland , LMFV,Bridge River
A050,Bubble Land,Bubble Land,North Coast,North,Terrace
A051,BubbleLand Terrace,BubbleLand Terrace,North Coast,North,Terrace
A052,Bulkley Valley Credit Union,Bulkley Valley Credit Union,North Coast,North,Burns Lake
A053,Burnaby Association for Community Inclusion (BACI),Burnaby Association for Community Inclusion (BACI),Lower Mainland , LMFV,Burnaby
A054,Burnaby Neighbourhood House,Burnaby Neighbourhood House,Lower Mainland , LMFV,Burnaby
A055,Burnaby Task Force on Homelessness,Burnaby Task Force on Homelessness,Lower Mainland , LMFV,Burnaby
A056,Campaign Donations,Campaign Donations,Lower Mainland ,LMFV,Vancouver
A057,Campaign Donations (July 2020-Feb2021),Campaign Donations (July 2020-Feb2021),Lower Mainland ,LMFV,Vancouver
A058,Campaign Wrap Up LM,Campaign Wrap Up LM,Lower Mainland ,LMFV,Vancouver
A059,Campbell River and North Island Transition Society,Campbell River and North Island Transition Society,Vancouver Island , CNVI,Campbell River
A060,Campbell River Head Injury Support Society,Campbell River Head Injury Support Society,Vancouver Island , CNVI,Campbell River
A061,Canada Safeway,Canada Safeway,Vancouver Island , CNVI,Campbell River
A062,Canadian Mental Health Association ,Canadian Mental Health Association,Lower Mainland ,LMFV,Vancouver
A062,"Canadian Mental Health Association, Cowichan Valley Branch",Canadian Mental Health Association,Lower Mainland ,LMFV,Vancouver
A063,Cariboo Family Enrichment Centre,Cariboo Family Enrichment Centre,Cariboo , TNC,
A064,Cariboo Regional District Library,Cariboo Regional District Library,Cariboo , TNC,House
A065,Carrier Sekani Family Services,Carrier Sekani Family Services,North Coast,North,Burns Lake
A066,Cassels,Cassels,Lower Mainland ,LMFV,Vancouver
A067,CEDAR Outreach Society,CEDAR Outreach Society,Lower Mainland , LMFV,Abbotsford
A067,CEDAR Outreach Society of British Columbia,CEDAR Outreach Society,Lower Mainland , LMFV,Abbotsford
A068,Cedar Project,Cedar Project,Lower Mainland , LMFV,Abbotsford
A069,Central Middle School,Central Middle School,Vancouver Island ,CNVI,Victoria
A070,Central School,Central School,Vancouver Island ,CNVI,Victoria
A070,Central School ,Central School,Vancouver Island ,CNVI,Victoria
A071,Centre Cinema Dawson Creek (May 2nd),Centre Cinema Dawson Creek (May 2nd),North Coast,North,Dawson Creek
A072,Chamber of Commerce,Chamber of Commerce,Lower Mainland ,LMVI,Vancouver
A073,Cheamview Clubhouse (Creative Centre Society),Cheamview Clubhouse (Creative Centre Society),Lower Mainland ,LMVI,Chilliwack
A074,Cherryville Food Bank,Cherryville Food Bank,Thompson Okanagan , SIBC,
A075,Chetwynd Drug Mart,Chetwynd Drug Mart,Northeast,Northeast,Chetwynd
A076,Chetwynd Public Library,Chetwynd Public Library,Northeast,Northeast,Chetwynd
A077,Chia's Dream Closet,Chia's Dream Closet,Northeast,Northeast,Houston
A078,Children's Health Foundation of Vancouver Island - Qwalayu House,Children's Health Foundation of Vancouver Island - Qwalayu House,Vancouver Island ,CNVI,Victoria
A079,Chilliwack Community Services,Chilliwack Community Services,Lower Mainland , LMFV,Abbotsford
A080,CHILLIWACK RESOURCE CENTRE,CHILLIWACK RESOURCE CENTRE,Lower Mainland , LMFV,Abbotsford
A081,Chimo Community Services,Chimo Community Services,Lower Mainland , LMFV,Richmond
A082,Chloe Bell,Chloe Bell,Lower Mainland ,LMVI,Vancouver
A083,CIBC,CIBC,Lower Mainland ,LMVI,Vancouver
A084,CISV (Children's International Summer Villages - Vancouver Chapter),CISV (Children's International Summer Villages - Vancouver Chapter),Lower Mainland ,LMVI,Vancouver
A085,City Dream Centre Society,City Dream Centre Society,Lower Mainland ,LMVI,
A086,City of Burnaby,City of Burnaby,Lower Mainland ,LMVI,Burnaby
A087,City of Dawson Creek (3 locations),City of Dawson Creek (3 locations),North Coast,North,Dawson Creek
A088,City of FSJ- Kids Arena,City of FSJ- Kids Arena,Northeast,Northeast ,Fort St John
A088,City of FSJ Kids Arena Field,City of FSJ- Kids Arena,Northeast,Northeast ,Fort St John
A088,City of FSJ Kids Arena Field ,City of FSJ- Kids Arena,Northeast,Northeast ,Fort St John
A089,City of FSJ Pomeroy Centre,City of FSJ Pomeroy Centre,Northeast,Northeast ,Fort St John
A089,City of FSJ Pomeroy Centre ,City of FSJ Pomeroy Centre,Northeast,Northeast ,Fort St John
A089,City of FSJ- Pomeroy Sports,City of FSJ Pomeroy Centre,Northeast,Northeast ,Fort St John
A090,City of Prince George,City of Prince George,Cariboo , TNC,Prince George
A090,City of Prince George  (Civic Centre),City of Prince George,Cariboo , TNC,Prince George
A090,City of Prince George (City Hall),City of Prince George,Cariboo , TNC,Prince George
A090,City of Prince George  (Civic Centre),City of Prince George,Cariboo , TNC,Prince George
A091,City of Prince Rupert,City of Prince Rupert,North Coast,North,Prince Rupert
A092,City of Terrace,City of Terrace,Lower Mainland ,LMVI,Vancouver
A093,City of Vancouver,City of Vancouver,Lower Mainland ,LMVI,Vancouver
A093,City of Vancouver (Rachel P.U),City of Vancouver,Lower Mainland ,LMVI,Vancouver
A094,CityReach Care Society,CityReach Care Society,Lower Mainland , LMFV,Vancouver
A095,Clark Wilson,Clark Wilson,Lower Mainland , LMFV,Vancouver
A096,Clayton,Clayton,Lower Mainland ,LMFV ,Surrey
A097,Cloverdale Community Kitchen (Pacific Community Church),Cloverdale Community Kitchen (Pacific Community Church),Lower Mainland ,LMFV ,Surrey
A098,CNC Campus,CNC Campus,Cariboo , TNC,Prince George
A098,CNC Campus ,CNC Campus,Cariboo , TNC,Prince George
A098,CNC Student Union,CNC Campus,Cariboo , TNC,Prince George
A098,CNC Student union ,CNC Campus,Cariboo , TNC,Prince George
A098,CNVI,CNC Campus,Cariboo , TNC,Prince George
A099,Coast Foundation Society,Coast Foundation Society,Lower Mainland , LMFV,Vancouver
A100,Coast Mental Health (Pacific Coast Apartments),Coast Mental Health (Pacific Coast Apartments),Lower Mainland , LMFV,Vancouver
A101,Coast Mountain College,Coast Mountain College,North Coast,North,Terrace
A101,Coast Mountain SD 82,Coast Mountain College,North Coast,North,Terrace
A102,Collingwood Neighbourhood House,Collingwood Neighbourhood House,Lower Mainland , LMFV,Vancouver
A102,Community Collection Drive (Oct 2020 - Mar 2021),Collingwood Neighbourhood House,Lower Mainland , LMFV,Vancouver
A103,Community Connections ,Community Connections ,Thompson Okanagan , SIBC,
A104,Community Connections Society of South East BC,Community Connections Society of South East BC,Kootenay , SIBC,Cranbrook
A105,Cathedral Church of St Michael & All Angels  ,Community in Faith.  -  United Church Food Bank ,Kootenay , SIBC,Cranbrook
A105,Community in Faith.  -  United Church Food Bank ,Community in Faith.  -  United Church Food Bank ,Kootenay , SIBC,Cranbrook
A105,Community Savings,Community in Faith.  -  United Church Food Bank ,Kootenay , SIBC,Cranbrook
A106,Comox Valley Transition Society,Comox Valley Transition Society,Vancouver Island ,CNVI,
A107,Connective - Elmbrook,Connective - Elmbrook,Lower Mainland ,LMFV,Vancouver
A108,Connective Support Society,Connective Support Society,Lower Mainland ,LMFV,Vancouver
A109,Cook's Ferry,Cook's Ferry,Cariboo , TNC,
A110,Cowichan Green Community Foundation,Cowichan Green Community Foundation,Vancouver Island ,CNVI,
A111,Cowichan Lake Community Services Society,Cowichan Lake Community Services Society,Vancouver Island , CNVI,Duncan
A112,Cowichan Valley Metis,Cowichan Valley Metis,Vancouver Island , CNVI,Duncan
A113,Cowichan Valley Youth Services ,Cowichan Valley Youth Services ,Vancouver Island , CNVI,Duncan
A114,Cowichan Women Against Violence - Somenos Transition House Program,Cowichan Women Against Violence Society,Vancouver Island , CNVI,Duncan
A114,Cowichan Women Against Violence Society,Cowichan Women Against Violence Society,Vancouver Island , CNVI,Duncan
A114,Cowichan Women Against Violence Society ,Cowichan Women Against Violence Society,Vancouver Island , CNVI,Duncan
A115,CR Womens Centre,CR Womens Centre,Vancouver Island , CNVI,Campbell River
A116,Cranbrook Boys & Girls Club - Youth Impact,Cranbrook Boys & Girls Club - Youth Impact,Kootenay , SIBC,
A117,Cranbrook Boys and Girls Club,Cranbrook Boys and Girls Club,Kootenay , SIBC,Cranbrook
A118,Cranbrook Food Bank Society ,Cranbrook Food Bank Society ,Kootenay , SIBC,Cranbrook
A119,Creative Centre Society,Creative Centre Society,Lower Mainland , LMFV,Abbotsford
A120,Creative Centre Society - Abbotsford,Creative Centre Society - Abbotsford,Lower Mainland , LMFV,Chilliwack
A121,Creative Centre Society - Cheamview Clubhouse,Creative Centre Society - Cheamview Clubhouse,Lower Mainland , LMFV,Chilliwack
A122,Creative Centre Society - Chilliwack,Creative Centre Society - Chilliwack,Lower Mainland , LMFV,Chilliwack
A123,Creative Centre Society- Abby House,Creative Centre Society- Abby House,Lower Mainland , LMFV,Abbotsford
A124,Creative Kids,Creative Kids,Lower Mainland ,LMFV,Surrey
A124,Creative Kids Daycare,Creative Kids,Lower Mainland ,LMFV,Surrey
A125,Creston Valley Community Services,Creston Valley Community Services,Kootenay , SIBC,
A126,Crisis Intervention and Suicide Prevention Centre of BC,Crisis Intervention and Suicide Prevention Centre of BC,Lower Mainland ,LMFV,Vancouver
A127,CUPW,CUPW,Lower Mainland ,LMFV,Vancouver
A128,CWB,CWB,Lower Mainland ,LMFV,Vancouver
A129,Cythera Transition House Society,Cythera Transition House Society,Lower Mainland , LMFV,Maple Ridge
A130,Dawson Creek City Hall,Dawson Creek City Hall,North Coast,North,Dawson Creek
A130,Dawson Creek City Hall ,Dawson Creek City Hall,North Coast,North,Dawson Creek
A131,Dawson Creek Coop,Dawson Creek Coop,North Coast,North,Dawson Creek
A131,Dawson Creek Co-operative Union,Dawson Creek Coop,North Coast,North,Dawson Creek
A132,Dawson Creek Municipal Library,Dawson Creek Municipal Library,North Coast,North,Dawson Creek
A132,Dawson Creek Municipal Library ,Dawson Creek Municipal Library,North Coast,North,Dawson Creek
A133,Delta,Deltassist Family & Community Services Society,Lower Mainland , LMFV,Delta
A133,Delta Assist,Deltassist Family & Community Services Society,Lower Mainland , LMFV,Delta
A133,Deltassist,Deltassist Family & Community Services Society,Lower Mainland , LMFV,Delta
A133,Deltassist Family & Community Services Society,Deltassist Family & Community Services Society,Lower Mainland , LMFV,Delta
A133,Deltassist Family and Community Services Society,Deltassist Family & Community Services Society,Lower Mainland , LMFV,Delta
A134,Dentons,Dentons,Lower Mainland , LMFV,Vancouver
A135,Desert Sun Community Resources,Desert Sun Community Resources,Kootenay , SIBC,
A136,District of Chetwynd- Rec Centre,District of Chetwynd- Rec Centre,Northeast,Northeast,Chetwynd
A137,District of Houston,District of Houston,Northeast,Northeast,Houston
A137,District of Houston Leisure Facility,District of Houston,Northeast,Northeast,Houston
A138,Diversecity Community Resource Society,Diversecity Community Resource Society,Lower Mainland , LMFV,Surrey
A138,DIVERSEcity Community Resources Society,Diversecity Community Resource Society,Lower Mainland , LMFV,Surrey
A138,Diversecity Community Resources Society,Diversecity Community Resource Society,Lower Mainland , LMFV,Surrey
A138,DIVERSEcity Community Services Society ,Diversecity Community Resource Society,Lower Mainland , LMFV,Surrey
A139,Dixon Transition Society,Dixon Transition Society,Lower Mainland , LMFV,Burnaby
A139,Donations at the Office after Drive Thru,Dixon Transition Society,Lower Mainland , LMFV,Burnaby
A140,Don't Go Hungry Food Support Program - St. Aidan's Presbyterian Church,Don't Go Hungry Food Support Program - St. Aidan's Presbyterian Church,Lower Mainland , LMFV,New Westminster
A141,Downtown Eastside Neighbourhood House,Downtown Eastside Neighbourhood House,Lower Mainland , LMFV,Vancouver
A141,Downtown Eastside Neighbourhood Society,Downtown Eastside Neighbourhood House,Lower Mainland , LMFV,Vancouver
A142,Dress For Less Thrift Store,Dress For Less Thrift Store,,,
A143,Drive Thru to Donate,Drive Thru to Donate,,,
A143,Drive Thru to Donate ,Drive Thru to Donate,,,
A144,DTES - Kyra's Christmas Wish,DTES Neighbourhood House ,Lower Mainland , LMFV,Vancouver
A144,DTES Neighbourhood House ,DTES Neighbourhood House ,Lower Mainland , LMFV,Vancouver
A144,DTES Response - Everbody Is In Community Hubs,DTES Neighbourhood House ,Lower Mainland , LMFV,New Westminster
A145,Dze L K'ant Friendship Centre Scoiety,Dze L K'ant Friendship Centre Scoiety,North Coast,North,Smithers
A146,Eagle Valley Community Support Society ,Eagle Valley Community Support Society ,Thompson Okanagan , SIBC,
A147,Elizabeth Bagshaw Society,Elizabeth Bagshaw Society,Lower Mainland , LMFV,New Westminster
A148,Elizabeth Fry Society,Elizabeth Fry Society,Lower Mainland , LMFV,New Westminster
A148,Elizabeth Fry Society of Greater Vancouver,Elizabeth Fry Society,Lower Mainland , LMFV,New Westminster
A148,Elizabeth Fry Society of Greater Vancouver,Elizabeth Fry Society,Lower Mainland , LMFV,New Westminster
A148,The Elizabeth Fry Society of Greater Vancouver,Elizabeth Fry Society,Lower Mainland , LMFV,Burnaby
A148,The Elizbeth Fry Society Of Greater Vancovuer,Elizabeth Fry Society,Lower Mainland , LMFV,Burnaby
A149,Ellendale Elementary,Ellendale Elementary,Lower Mainland , LMFV,Surrey
A150,Encompass Support Services Society,Encompass Support Services Society,Lower Mainland , LMFV,Langley
A151,Enderby & District Community Resource Centre,Enderby & District Community Resource Centre,Thompson Okanagan , SIBC,
A152,Engaged Communities,Engaged Communities,Lower Mainland , LMFV,Vancouver
A153,Envision Credit Union,Envision Credit Union,Lower Mainland ,LMFV,Mission
A154,Face of Today,Face of Today,Lower Mainland , LMFV,Vancouver 
A154,Face of Today Foundation ,Face of Today,Lower Mainland , LMFV,Vancouver 
A155,Family Dynamix Association,Family Dynamix Association,Kootenay , SIBC,Cranbrook
A156,Family Educational Support,Family Services of Greater Vancouver,Lower Mainland , LMFV,Vancouver
A156,Family Services of Greater Vancouver,Family Services of Greater Vancouver,Lower Mainland , LMFV,Vancouver
A157,FIELDS,FIELDS,Lower Mainland ,LMVF,Delta
A158,Flint,Flint,Lower Mainland ,LMVF,Burnaby
A159,Flint ,Flint ,Lower Mainland ,LMVF,Burnaby
A160,Food Hubs,Food Hubs,Lower Mainland , LMFV,Vancouver
A161,Fort Nelson IDA- Pharmacy,Fort Nelson IDA- Pharmacy,North Coast,North,Fort Nelson
A162,Fort Nelson Public Library,Fort Nelson Public Library,North Coast,North,Fort Nelson
A163,Fort St. James Chamber of Commerce,Fort St. James Chamber of Commerce,Cariboo ,TNC,Fort St James
A164,Fort St. James Integris,Fort St. James Integris,Cariboo ,TNC,Fort St James
A165,Fort St. James Secondary School,Fort St. James Secondary School,Cariboo ,TNC,Fort St James
A166,Fort St. John Co-op,Fort St. John Co-op,Cariboo ,TNC,Fort St John
A167,Forward House Community Society,Forward House Community Society,Vancouver Island ,CNVI,Parksville
A168,Foundry Abbotsford,Foundry Abbotsford,Lower Mainland , LMFV,Abbotsford
A169,Foundry Ridge Meadows,Foundry Ridge Meadows,Lower Mainland , LMFV,Maple Ridge
A170,Foundry Sea to Sky (In connection to Sea to Sky Community Services),Foundry Sea to Sky (In connection to Sea to Sky Community Services),Lower Mainland , LMFV,Squamish
A171,Four Rivers Co-op,Four Rivers Co-op,North Coast,North,Quesnel
A172,FRAFCA,FRAFCA,Lower Mainland , LMFV,Surrey
A173,Fraser Health ,Fraser Health ,Lower Mainland , LMFV,Surrey
A174,Fraser region aboriginal friendship Center association ,Fraser Region Aboriginal Friendship Centre Association ,Lower Mainland , LMFV,Surrey
A174,Fraser Region Aboriginal Friendship Centre Association,Fraser Region Aboriginal Friendship Centre Association ,Lower Mainland , LMFV,Surrey
A174,Fraser Region Aboriginal Friendship Centre Association ,Fraser Region Aboriginal Friendship Centre Association ,Lower Mainland , LMFV,Surrey
A175,Free Periods,Free Periods Canada,Lower Mainland , LMFV,Vancouver
A175,Free Periods Canada,Free Periods Canada,Lower Mainland , LMFV,Vancouver
A176,Friendship Centre,Friendship Centre,Thompson Okanagan , SIBC,
A177,Frog Hollow Neighbourhood House,Frog Hollow Neighbourhood House,Lower Mainland , LMFV,Vancouver
A178,Frontier College,Frontier College,Lower Mainland , LMFV,Vancouver
A179,Generation to Generation Society,Generation to Generation Society,Kootenay , SIBC,Trail
A180,God's Gift (Food Hub),God's Gift (Food Hub),Lower Mainland , LMFV,Vancouver
A181,Gold River Food Network,Gold River Food Network,Vancouver Island ,CNVI,
A182,Golden Women's Resource Centre,Golden Women's Resource Centre,Thompson Okanagan , SIBC,
A183,Gordan Neighbourhood House,Gordon Neighbourhood House,Lower Mainland , LMFV,Vancouver
A183,Gordon Neighbourhood House,Gordon Neighbourhood House,Lower Mainland , LMFV,Vancouver
A184,Guru Nanak's Free Kitchen Society,Guru Nanak's Free Kitchen Society,Lower Mainland ,LMFV,Burnaby
A185,Haven Soceity,Haven Soceity,Vancouver Island ,CNVI,
A186,Heartstrings Home Décor & Gifts,Heartstrings Home Décor & Gifts,North Coast,North,Smithers
A187,Hello Period!,Hello Period!,,,
A188,Helping Out People Exploited,Helping Out People Exploited,Thompson Okanagan , SIBC,Kelowna
A189,HEU-VGH,HEU-VGH,,,
A190,Hi Neighbour,Hi Neighbour - Food Hubs,Lower Mainland , LMFV,Vancouver
A190,Hi Neighbour - Food Hubs,Hi Neighbour - Food Hubs,Lower Mainland , LMFV,Vancouver
A191,Hiiye’yu Lelum Society-House of Friendship ,Hiiye’yu Lelum Society-House of Friendship ,Vancouver Island ,CNVI,
A192,Hope & Area Transition Society,Hope & Area Transition Society,Lower Mainland , LMFV,Hope
A193,Hope and Area Transition Society,Hope and Area Transition Society,Lower Mainland , LMFV,Hope
A194,HOPE Outreach,HOPE Outreach,Kootenay , SIBC,
A195,Hopewell Clinic and Pregnancy Centre,Hopewell Clinic and Pregnancy Centre,Thompson Okanagan , SIBC,Kamloops
A196,Hornby Denman Community Health Care Society,Hornby Denman Community Health Care Society,Vancouver Island ,CNVI,Hornby Island
A197,Hornby Island Education Society- The Community Kitchen/Food Bank,Hornby Island Education Society- The Community Kitchen/Food Bank,Vancouver Island ,CNVI,Hornby Island
A197,Hornby Island Educational Society-Hornby Island Community Kitchen/Food Bank,Hornby Island Education Society- The Community Kitchen/Food Bank,Vancouver Island ,CNVI,Hornby Island
A198,Houston Community Services Association,Houston Community Services Association,Lower Mainland ,LMVI,
A199,Houston Today,Houston Today,North Coast,North,Houston
A200,HSBC,HSBC,Lower Mainland , LMFV,Vancouver
A201,IATSE 891,IATSE 891,,,
A201,IATSI 891,IATSE 891,,,
A202,ICBC,ICBC,,,
A203,Immigrant Services Society of BC,Immigrant Services Society of BC,Lower Mainland , LMFV,Vancouver
A204,Immigrant Welcome Centre Nanaimo,Immigrant Welcome Centre Nanaimo,Vancouver Island ,CNVI,
A205,"Indigenous Heath VCH, Indigenous Health Doula's Team","Indigenous Heath VCH, Indigenous Health Doula's Team",,,
A206,Integris,Integris Credit Union,Cariboo ,TNC,Clinton
A206,Integris Credit Union,Integris Credit Union,Cariboo , TNC,Prince George
A206,Integris Credit Union - 5th Ave,Integris Credit Union,Cariboo , TNC,Prince George
A206,Integris Credit Union - Central Avenue,Integris Credit Union,Cariboo , TNC,Prince George
A206,Integris Credit Union - Ferry Avenue,Integris Credit Union,Cariboo , TNC,Prince George
A206,Integris Credit Union - HO + 6th Avenue,Integris Credit Union,Cariboo , TNC,Prince George
A206,Integris Credit Union - Member donation - she collected all year,Integris Credit Union,Cariboo , TNC,Prince George
A206,Integris Credit Union - River Point,Integris Credit Union,Cariboo , TNC,Prince George
A206,Integris Credit Union - Town Centre,Integris Credit Union,Cariboo , TNC,Prince George
A206,Integris Credit Union (5th & Central),Integris Credit Union,Cariboo , TNC,Prince George
A206,Integris Credit Union (River Point),Integris Credit Union,Cariboo , TNC,Prince George
A206,Integris Credit Union (Town Centre),Integris Credit Union,Cariboo , TNC,Prince George
A207,International Longshore and Warehouse Union - Canada,International Longshore and Warehouse Union - Canada,Lower Mainland ,LMFV,Vancouver
A208,Ishtar Womens Resource Society,Ishtar Women's Resource Society,Lower Mainland , LMFV,Langley
A208,Ishtar Women's Resource Society,Ishtar Women's Resource Society,Lower Mainland , LMFV,Langley
A209,Island Crisis Care Society,Island Crisis Care Society,Vancouver Island ,CNVI,Naniamo
A210,ISS of BC,ISSofBC,Lower Mainland , LMFV,Vancouver
A210,ISSofBC,ISSofBC,Lower Mainland , LMFV,Vancouver
A211,Jewish Community Centre Greater Vancouver,Jewish Community Centre of Greater Vancouver,Lower Mainland , LMFV,Vancouver
A211,Jewish Community Centre of Greater Vancouver,Jewish Community Centre of Greater Vancouver,Lower Mainland , LMFV,Vancouver
A212,Jewish Family Service Agency Vancouver,Jewish Family Services,Lower Mainland , LMFV,Vancouver
A212,Jewish Family Services,Jewish Family Services,Lower Mainland , LMFV,Vancouver
A213,Joni,Joni,Lower Mainland , LMFV,Vancouver
A213,joni (purchased with leftover funds),Joni,Lower Mainland , LMFV,Vancouver
A214,Kamloops & District Elizabeth Fry Society,Kamloops & District Elizabeth Fry Society,Thompson Okanagan , SIBC,Kamloops
A215,Kamloops Cariboo Regional Immigrant Society,Kamloops Cariboo Regional Immigrant Society,Thompson Okanagan , SIBC,Kamloops
A216,Kamloops Family Resource Society ,Kamloops Family Resource Society ,Thompson Okanagan , SIBC,Kamloops
A217,Kamloops Immigrant Services,Kamloops Immigrant Services,Thompson Okanagan , SIBC,
A218,Kamloops Salvation Army,Kamloops Salvation Army,Thompson Okanagan , SIBC,
A219,Karis Support Society,Karis Support Society,Thompson Okanagan , SIBC,Kelowna
A220,Kateslem Youth Society,Kateslem Youth Society,Lower Mainland , LMFV,Mission
A221,Kehila Society,Kehila Society of Richmond,Lower Mainland , LMFV,Richmond
A221,Kehila Society of Richmond,Kehila Society of Richmond,Lower Mainland , LMFV,Richmond
A222,Kelowna Community Fridge,Kelowna Community Fridge,Thompson Okanagan , SIBC,Kelowna
A223,Kelowna Friendship Society,Kelowna Friendship Society,Thompson Okanagan , SIBC,Kelowna
A224,Kenn Borek Aquatic Centre (pool)(city),Kenn Borek Aquatic Centre (pool)(city),North Coast,North,Dawson Creek
A225,Ki-Low-Na Friendship Society,Ki-Low-Na Friendship Society,Thompson Okanagan , SIBC,Kelowna
A226,Kinsight Community Society,Kinsight Community Society ,Lower Mainland , LMFV,Coquitlam
A226,Kinsight Community Society ,Kinsight Community Society ,Lower Mainland , LMFV,Coquitlam
A227,Kitimat Public Library,Kitimat Public Library,Lower Mainland , LMFV,Coquitlam
A228,Kitsilano Neighbourhood House,Kitsilano Neighbourhood House,Lower Mainland , LMFV,Vancouver
A229,Kiwassa,Kiwassa Neighbourhood House,Lower Mainland , LMFV,Vancouver
A229,Kiwassa Neighbourhood House,Kiwassa Neighbourhood House,Lower Mainland , LMFV,Vancouver
A230,Ksan House Society,Ksan House Society,North Coast,North,Terrace
A231,Kwakiutl Health Center,Kwakiutl Health Center,Vancouver Island ,CNVI,
A232,Kw'umut Lelum Child & Family Services,Kw'umut Lelum Child & Family Services,Vancouver Island ,CNVI,
A233,Ladysmith Family and Friends ,Ladysmith Family and Friends ,Vancouver Island ,CNVI,Ladysmith
A234,Laichwiltach Family Life Society,Laichwiltach Family Life Society,Vancouver Island , CNVI,Campbell River
A234,Laichwiltach Family Life Society ,Laichwiltach Family Life Society,Vancouver Island , CNVI,Campbell River
A235,Lakes District News,Lakes District News,North Coast,North,Burns Lake
A236,Lakeside Pharmacy,Lakeside Pharmacy,North Coast,North,Burns Lake
A237,Langley Community Services Society,Langley Community Services Society,Lower Mainland , LMFV,Langley
A237,Langley Community Services Society ,Langley Community Services Society,Lower Mainland , LMFV,Langley
A238,Langley Teachers Assn,Langley Teachers Assn,Lower Mainland , LMFV,Langley
A239,LAUNCH Day (Dawson Creek Mall),LAUNCH Day (Dawson Creek Mall),North Coast,North,Dawson Creek
A240,LAUNCH DAY at Pine Centre Mall,LAUNCH DAY at Pine Centre Mall,North Coast,North,Dawson Creek
A241,Lawson Lundell,Lawson Lundell,Lower Mainland , LMFV,Vancouver
A242,LeBlanc Boutique,LeBlanc Boutique,Lower Mainland , LMFV,Vancouver
A243,Link-2 - AIR QUEEN,Link-2 - AIR QUEEN,,,
A243,Link-2 Enterprise / AIRQUEEN,Link-2 - AIR QUEEN,,,
A243,Link-2 Enterprise / AIRQUEEN - 2nd Donation - Flood Response,Link-2 - AIR QUEEN,,,
A244,Little Mountain Neighbourhood House,Little Mountain Neighbourhood House,Lower Mainland , LMFV,Vancouver
A245,LiUNA,LiUNA,Lower Mainland , LMFV,Surrey
A246,"Living Positive Resource Centre, Okanagan","Living Positive Resource Centre, Okanagan",Thompson Okanagan , SIBC,Kelowna
A247,LivWell Squamish,LivWell Squamish,Lower Mainland , LMFV,Squamish
A248,Local Newspaper,Local Newspaper,,,
A249,Logan Lake WHY,Logan Lake WHY,Cariboo , TNC,
A250,London Drugs,London Drugs,,,
A250,London Drugs (2nd Donation,London Drugs,,,
A250,London Drugs Purchase #2 fully received,London Drugs,,,
A250,London Drugs Purchase for Maple Leaf Farms,London Drugs,,,
A251,Lower Lonsdale,Lower Lonsdale,,,
A252,Lower Mainland Down Syndrome Society,Lower Mainland Down Syndrome Society,Lower Mainland , LMFV,Surrey
A253,Lower Mainland Purpose Society,Lower Mainland Purpose Society,Lower Mainland , LMFV,Surrey
A254,Lower Similkameen Indian Band,Lower Similkameen Indian Band,Kootenay , SIBC,
A255,Luisa Bucci,Luisa Bucci,Lower Mainland , LMFV,Squamish
A256,Magical Hearts,Magical Hearts,,,
A257,Make Space Storage,Make Space Storage,Cariboo , TNC,Prince George
A258,Mamas for Mamas,Mamas for Mamas,Lower Mainland , LMFV,Richmond
A259,Mamas for Mamas - Vancouver,Mamas for Mamas Vancouver,Lower Mainland , LMFV,Richmond
A259,Mamas for Mamas Vancouver,Mamas for Mamas Vancouver,Lower Mainland , LMFV,Richmond
A260,Marpole Oakridge Family Place Society,Marpole Oakridge Family Place Society,Lower Mainland , LMFV,Vancouver
A261,Metis Association (Nanaimo),Metis Association (Nanaimo),Vancouver Island ,CNVI,
A262,Metis Community Services Society of BC,Metis Community Services Society of BC,Thompson Okanagan , SIBC,Kelowna
A263,Métis Nation BC,Métis Nation BC,Lower Mainland , LMFV,Surrey
A264,Metis Nation Columbia River Society,Metis Nation Columbia River Society,Lower Mainland , LMFV,Surrey
A265,Metro Vancouver Housing,Metro Vancouver Housing,Lower Mainland ,LMVI,
A266,Mid Island Metis Nation,Mid Island Metis Nation,Vancouver Island ,CNVI,Naniamo
A267,Milieu Family Services,Milieu Family Services,Lower Mainland , LMFV,Surrey
A268,Miranda Coombes,Miranda Coombes,,,
A269,Mission Association For Community Living,Mission Association For Community Living,Lower Mainland , LMFV,Mission
A270,Mission Community Services,Mission Community Services Society,Lower Mainland , LMFV,Mission
A270,Mission Community Services,Mission Community Services Society,Lower Mainland , LMFV,Mission
A270,Mission Community Services Society,Mission Community Services Society,Lower Mainland , LMFV,Mission
A271,Mission Friendship Centre Society,Mission Friendship Centre Society,Lower Mainland , LMFV,Mission
A272,Mission Health and Wellness,Mission Health and Wellness,Lower Mainland , LMFV,Mission
A273,Mission Possible,Mission Possible,Lower Mainland , LMFV,Vancouver
A273,Mission Possible ,Mission Possible,Lower Mainland , LMFV,Vancouver
A274,Modern Match/Simply Beautiful,Modern Match/Simply Beautiful,Other,Other,Other
A275,Mona (Food Pantry),Mona (Food Pantry),Other,Other,Other
A276,MOSAIC,MOSAIC,Lower Mainland , LMFV,Vancouver
A277,Mount Pleasant Neighbourhood House,Mount pleasant neighbourhood house ,Lower Mainland , LMFV,Vancouver
A277,Mount pleasant neighbourhood house ,Mount pleasant neighbourhood house ,Lower Mainland , LMFV,Vancouver
A278,MP Makeup Artistry,MP Makeup Artistry,Cariboo , TNC,Prince George
A278,MP Makeup Artistry ,MP Makeup Artistry,Cariboo , TNC,Prince George
A279,MPA Society,MPA Society,Lower Mainland , LMFV,Vancouver
A280,Nahounil Gas Bar,Nahounil Gas Bar,,,
A281,Nak'Azdli Whut'en,Nak'Azdli Whut'en,,,
A282,Nanaimo Brain Injury,Nanaimo Brain Injury,Vancouver Island ,CNVI,
A283,Nanaimo Diability Resource Centre,Nanaimo Diability Resource Centre,Vancouver Island ,CNVI,
A284,Nanaimo Family Life Association,Nanaimo Family Life Association,Vancouver Island , CNVI,Nanaimo
A285,Neskonlith Indian Band,Neskonlith Indian Band,Cariboo , TNC,
A286,Network Ministries,Network Ministries,North Coast,North,Dawson Creek
A287,New Age /insights,New Age /insights,North Coast,North,Dawson Creek
A288,New View Society,New View Society,Lower Mainland , LMFV,Port Coquitlam
A289,New Westminster Family Place,New Westminster Family Place,Lower Mainland , LMFV,New Westminster
A290,NewView Society,NewView Society,Lower Mainland , LMFV,Port Coquitlam
A291,Nikki Drive,Nikki Drive,,,
A292,Nooaitch Indian Band,Nooaitch Indian Band,Thompson Okanagan , SIBC,
A293,North Island Crisis & Counselling,North Island Crisis & Counselling,Vancouver Island ,CNVI,
A294,North Island Metis,North Island Metis,Vancouver Island , CNVI,Port Hardy
A294,North Island Metis Association,North Island Metis,Vancouver Island , CNVI,Port Hardy
A295,North Shore Community Resources Society,North Shore Community Resources Society,Lower Mainland , LMFV,North Vancouver
A296,north shore neighbourhood house,North Shore Neighbourhood House,Lower Mainland , LMFV,North Vancouver
A297,North Shore Women's Centre,North Shore Women's Centre,Lower Mainland , LMFV,North Vancouver
A298,Northern Rockies Regional Recreation,Northern Rockies Regional Recreation,North Coast,North,Fort Nelson
A299,Northern Savings Credit Union,Northern Savings Credit Union,,,
A300,NS Neighbourhood House,NS Neighbourhood House,Lower Mainland , LMFV,Vancouver
A301,NS Women's Centre,NS Women's Centre,Lower Mainland , LMFV,Vancouver
A302,Okanagan Boys and Girls Clubs,Okanagan Boys and Girls Clubs,Thompson Okanagan , SIBC,Penticton
A303,OneSky Community Resources Society,OneSky Community Resources Society,Kootenay , SIBC,
A304,OneSky Foundry,OneSky Foundry,Kootenay , SIBC,
A305,Operation Street Angels,Operation Street Angels,Kootenay , SIBC,
A306,Options Community Services,Options Community Services,Lower Mainland , LMFV,Surrey
A306,Options Community Services ,Options Community Services,Lower Mainland , LMFV,Surrey
A306,Options Community Services Society,Options Community Services,Lower Mainland , LMFV,Surrey
A307,Options for Sexual Health ,Options for Sexual Health ,Lower Mainland , LMFV,Surrey
A308,Our Social Collective,Our Social Collective,North Coast,North,Dawson Creek
A309,P&G Donation,P&G Donation,,,
A310,P&G Purchase (Veritiv),P&G Purchase (Veritiv),,,
A311,PACE Society,PACE Society,Lower Mainland , LMFV,Vancouver
A312,Pacific  Immigrant Resources Society,Pacific  Immigrant Resources Society,Lower Mainland , LMFV,Vancouver
A313,Pacific Association of First Nations Women,Pacific Association of First Nations Women,Lower Mainland , LMFV,Vancouver
A314,Pacific Charetered Advisors,Pacific Charetered Advisors,Lower Mainland , LMFV,Vancouver
A314,Pacific Charetered Advisors ,Pacific Charetered Advisors,Lower Mainland , LMFV,Vancouver
A315,Pacific Community Church,Pacific Community Church,Lower Mainland , LMFV,Vancouver
A316,Pacific Immigrant Resources Society,Pacific Immigrant Resources Society,Lower Mainland , LMFV,Vancouver
A316,Pacific Immigrant Resources Socitey ,Pacific Immigrant Resources Society,Lower Mainland , LMFV,Vancouver
A317,Parkgate Commnity Services Society,Parkgate Commnity Services Society,Lower Mainland , LMFV,Vancouver
A318,Partners in Resources Inc.,Partners in Resources Inc.,Thompson Okanagan , SIBC,Kelowna
A319,Pathfinders,Pathfinders,Lower Mainland , LMFV,Vancouver
A320,PCL Construction,PCL Construction,Thompson Okanagan , SIBC,Kelowna
A321,Pembina,Pembina,,,
A322,People in Motion,People in Motion,Thompson Okanagan , SIBC,
A323,PGSAC,PGSAC,Cariboo , TNC,Prince George
A324,Pharmasave,Pharmasave,Lower Mainland , LMFV,Langley
A325,Phoenix Transition Society,Phoenix Transition Society,Lower Mainland ,LMVI,
A326,PHSA - Primary Care & Community Information Systems,PHSA - Primary Care & Community Information Systems,Lower Mainland ,LMFV,Vancouver
A327,PICS ( harmony Second stage House),PICS ( harmony Second stage House),Lower Mainland , LMFV,Surrey
A328,PIRS,PIRS,Lower Mainland , LMFV,Vancouver
A329,Place Maillardville Community Centre,Place Maillardville Community Centre,Lower Mainland , LMFV,Coquitlam
A330,PNE - Metro Vancouver Tabling Event (research project distribution),PNE - Metro Vancouver Tabling Event (research project distribution),Lower Mainland , LMFV,Vancouver
A331,Port Alberni Friendship Center,Port Alberni Friendship Center,Vancouver Island ,CNVI,
A332,Post & Row Local Taphouse,Post & Row Local Taphouse,North Coast,North,Dawson Creek
A332,Post & Row Local Taphouse ,Post & Row Local Taphouse,North Coast,North,Dawson Creek
A333,Powell Place,Powell Place,Lower Mainland , LMFV,Surrey
A334,Powell River & Region Transition hose Society,Powell River & Region Transition hose Society,Lower Mainland , LMFV,Surrey
A335,Powell River Action Centre - Foodbank,Powell River Action Centre - Foodbank,Lower Mainland , LMFV,Surrey
A336,Powell River Educational Services Society,Powell River Educational Services Society,Lower Mainland , LMFV,Surrey
A337,PPWC Local 9,PPWC Local 9,North Coast,North,Prince George
A338,Prince Rupert & District Métis Society,Prince Rupert & District Métis Society,North Coast,North,Prince Rupert
A339,Prince Rupert Port Authority,Prince Rupert Port Authority,North Coast,North,Prince Rupert
A340,Project AIM,Project AIM Community Association,Lower Mainland , LMFV,Agassiz
A340,Project AIM Community Association,Project AIM Community Association,Lower Mainland , LMFV,Coquitlam
A341,"Providing Advocacy, Counselling & Education (PACE) Society","Providing Advocacy, Counselling & Education (PACE) Society",Lower Mainland , LMFV,Vancouver
A342,Rainbow Refugee,rainbow refugee society ,Lower Mainland , LMFV,Vancouver
A342,rainbow refugee society ,rainbow refugee society ,Lower Mainland , LMFV,Vancouver
A343,Rainforest Wellness,Rainforest Wellness,North Coast,North,Kitimat
A343,Rainforest Wellness Pharmacy,Rainforest Wellness,North Coast,North,Kitimat
A344,RASS,RASS,Lower Mainland , LMFV,Richmond
A345,RBC,RBC,,,
A345,RBC - Pine Centre,RBC,North Coast,North,Prince George
A345,RBC - Pine Centre Mall,RBC,North Coast,North,Prince George
A345,RBC - Victoria St,RBC,North Coast,North,Prince George
A345,RBC volunteer,RBC,North Coast,North,Prince George
A346,REACH Multicultural Family Centre,REACH Multicultural Family Centre,Lower Mainland , LMFV,Vancouver
A346,Reach Multicutural Family Centre,REACH Multicultural Family Centre,Lower Mainland , LMFV,Vancouver
A347,Real Food Coffee Shop,Real Food Coffee Shop,North Coast,North,Prince George
A348,Rebel Beauty Inc.,Rebel Beauty Inc.,North Coast,North,Dawson Creek
A348,Rebel Beauty Inc. ,Rebel Beauty Inc.,North Coast,North,Dawson Creek
A349,Red Apple,Red Apple,Lower Mainland , LMFV,Richmond
A349,Red Apple Store,Red Apple,Lower Mainland , LMFV,Richmond
A350,Red Fox Healthy Living Society,Red Fox Healthy Living Society,Lower Mainland , LMFV,Vancouver
A351,Red Raven Art Gallery,Red Raven Art Gallery,Lower Mainland , LMFV,Richmond
A352,Red Tent,Red Tent,Lower Mainland , LMFV,Richmond
A352,Red Tent Project,Red Tent,Lower Mainland , LMFV,Richmond
A353,"Richmond Cares, Richmond Gives","Richmond Cares, Richmond Gives",Lower Mainland , LMFV,Richmond
A354,Richmond Family Place Society,Richmond Family Place Society,Lower Mainland , LMFV,Richmond
A355,Richmond Family Place Socitey,Richmond Family Place Socitey,Lower Mainland , LMFV,Richmond
A356,Ridge Meadow Ridge Community Action Table (CAT),Ridge Meadow Ridge Community Action Table (CAT),Lower Mainland , LMFV,Maple Ridge
A357,Ridge Meadows Community Action Table,Ridge Meadows Community Action Table,Lower Mainland , LMFV,Maple Ridge
A358,Rmcs,Rmcs,Lower Mainland , LMFV,Richmond
A359,Rocky Mountain Chocolate,Rocky Mountain Chocolate,Lower Mainland , LMFV,Vancouver
A360,Roots Canada,Roots Canada,Lower Mainland , LMFV,Vancouver
A361,SAFE Society ,SAFE Society ,Thompson Okanagan , SIBC,
A362,Safeway,Safeway,Lower Mainland , LMFV,Vancouver
A363,Sage Haven,Sage Haven,Vancouver Island ,CNVI,
A364,Salvation Army - West Kelowna,Salvation Army - West Kelowna,Kootenay , SIBC,
A365,Salvation Army Vernon,Salvation Army Vernon,Thompson Okanagan , SIBC,
A366,Sana'aih Market,Sana'aih Market,Lower Mainland , LMFV,Vancouver
A367,SARA for Women Society,SARA for Women Society,Lower Mainland , LMFV,Mission
A368,Sardis Doorway for Mothers & Children,Sardis Doorway for Mothers & Children Society,Lower Mainland , LMFV,Chilliwack
A368,Sardis Doorway for Mothers & Children Society,Sardis Doorway for Mothers & Children Society,Lower Mainland , LMFV,Chilliwack
A368,Sardis Doorway for Mothers & Children Society ,Sardis Doorway for Mothers & Children Society,Lower Mainland , LMFV,Chilliwack
A369,Save On Foods - College Heights,Save-On Foods,North Coast,North,Prince George
A369,Save On Foods - Hart Hwy,Save-On Foods,North Coast,North,Prince George
A369,Save On Foods - Parkwood Mall,Save-On Foods,North Coast,North,Prince George
A369,Save On Foods - Spruceland Mall,Save-On Foods,North Coast,North,Prince George
A369,Save On Foods ( Rainbow Ref to provide tally),Save-On Foods,North Coast,North,Prince George
A369,Save-On Foods,Save-On Foods,North Coast,North,Prince George
A369,Save-on-Foods,Save-On Foods,North Coast,North,Prince George
A369,Save-On-Foods (College Heights),Save-On Foods,North Coast,North,Prince George
A369,Save-On-Foods (Hart Highway),Save-On Foods,North Coast,North,Prince George
A369,Save-On-Foods (Parkwood),Save-On Foods,North Coast,North,Prince George
A369,Save-On-Foods (Spruceland),Save-On Foods,North Coast,North,Prince George
A370,Scotiabank,Scotiabank,,,
A371,Sea to Sky Community Services,Sea to Sky Community Services,Lower Mainland , LMFV,Squamish
A371,Sea to Sky Community Services Society,Sea to Sky Community Services,Lower Mainland , LMFV,Squamish
A372,Secwepemc Child and Family Services,Secwepemc Child and Family Services,Thompson Okanagan , SIBC,Kamloops
A373,Sentinal Secondary,Sentinal Secondary,Lower Mainland , LMFV,Vancouver
A373,Sentinal Secondary ,Sentinal Secondary,Lower Mainland , LMFV,Vancouver
A374,Sereena's Housing for Women,Sereena's Housing for Women,Lower Mainland , LMFV,Vancouver
A375,SFU Donation,SFU Donation,Lower Mainland , LMFV,Vancouver
A376,"Shamma Taank , Ecole Panorama Ridge Secondary","Shamma Taank , Ecole Panorama Ridge Secondary",Lower Mainland , LMFV,Vancouver
A377,SHARE Family & Community Services,SHARE Family & Community Services,Lower Mainland , LMFV,Coquitlam
A377,SHARE Family and Community Services,SHARE Family & Community Services,Lower Mainland , LMFV,Coquitlam
A378,SHARE Food Bank,SHARE Food Bank,Lower Mainland , LMFV,Coquitlam
A379,Shell (Calgary and FSJ),Shell (Calgary and FSJ),Lower Mainland , LMFV,Coquitlam
A380,Shoppers Drug Mart,Shoppers Drug Mart,Lower Mainland , LMFV,Coquitlam
A381,Shuswap Children's Association,Shuswap Children's Association,Thompson Okanagan , SIBC,
A382,SIBC,SIBC,Thompson Okanagan , SIBC,Trail
A383,SIBIC - Trail,SIBIC - Trail,Thompson Okanagan , SIBC,Trail
A384,Skwah First Nations,Skwah First Nations,Lower Mainland , LMFV,Chilliwack 
A385,Soap for Hope Canada Society,Soap for Hope Canada Society,Vancouver Island , CNVI,Victoria
A386,"Society of St Vincent de Paul, Immaculate Conception Church Conference","Society of St Vincent de Paul, Immaculate Conception Church Conference",Thompson Okanagan , SIBC,Kelowna
A387,SOSBIS,SOSBIS,Kootenay , SIBC,
A388,Sources Women's Place,Sources Women's Place,Lower Mainland , LMFV,White Rock
A389,South Peace Secondary,South Peace Secondary,Lower Mainland , LMFV,Surrey
A389,South Peace Secondary ,South Peace Secondary,Lower Mainland , LMFV,Surrey
A389,South Peace Secondary School,South Peace Secondary,Lower Mainland , LMFV,Vancouver
A390,South Vancouver Neighbourhood House,South Vancouver Neighbourhood House,Lower Mainland , LMFV,Vancouver
A391,Sparks Society ,Sparks Society ,Kootenay , SIBC,
A392,SRO Collaborative,SRO Collaborative,Lower Mainland , LMFV,Vancouver
A393,St Michael and all angels Cathedral cupboard ,St Michael and all angels Cathedral cupboard ,,,
A394,st?l??w? Arts & Cultural Society,st?l??w? Arts & Cultural Society,,,
A395,Sto:lo Health,Sto:lo Health,Lower Mainland , LMFV,Chilliwack
A395,Sto:lo Health Agency,Sto:lo Health,Lower Mainland , LMFV,Chilliwack
A395,Sto:lo Health Service Agency,Sto:lo Health,Lower Mainland , LMFV,Chilliwack
A396,Stolo Health Services,Stolo Health Services,Lower Mainland , LMFV,Chilliwack
A397,Strait,Strait,Lower Mainland , LMFV,Chilliwack
A398,Strait ,Strait ,Lower Mainland , LMFV,Chilliwack
A399,Stride Avenue Community School,Stride Avenue Community School,Lower Mainland , LMFV,Burnaby
A400,St'uxwtews | Bonaparte First Nation,St'uxwtews | Bonaparte First Nation,Thompson Okanagan ,SIBC,
A401,Sunlife and Business Center,Sunlife and Business Center,Lower Mainland , LMFV,Sechelt
A402,SUNSHINE COAST COMM SERV SOCIETY,SUNSHINE COAST COMM SERV SOCIETY,Lower Mainland , LMFV,Sechelt
A403,Sunshine Coast Community Services,Sunshine Coast Community Services,Lower Mainland , LMFV,Sechelt
A404,Sunshine Coast Community Services Society,Sunshine Coast Community Services Society,Lower Mainland , LMFV,Sechelt
A404,Sunshine Coast Community Services Society (Arrowhead Clubhouse),Sunshine Coast Community Services Society,Lower Mainland , LMFV,Sechelt
A405,Surrey District 36,Surrey District 36,Lower Mainland , LMFV,Surrey
A406,Surrey Food Hub - Spoke 1,Surrey Food Hub,Lower Mainland , LMFV,Surrey
A406,Surrey Food Hub - Spoke 2,Surrey Food Hub,Lower Mainland , LMFV,Surrey
A406,Surrey Food Hubs (Kendahl delivered),Surrey Food Hub,Lower Mainland , LMFV,Surrey
A407,Surrey Womens Centre,Surrey Womens Centre,Lower Mainland , LMFV,Surrey
A407,Surrey women's centre,Surrey Womens Centre,Lower Mainland , LMFV,Surrey
A407,Surrey Women's Centre Society,Surrey Womens Centre,Lower Mainland , LMFV,Surrey
A408,Tamitik Status of Women,Tamitik Status of Women,Lower Mainland ,LMVI,
A409,Taylor Bysouth,Taylor Bysouth,Kootenay,SIBC,Kuskonook
A410,TD,TD,Lower Mainland , LMFV,New Westminster
A411,Terrace Chamber of Commerce,Terrace Chamber of Commerce,North Coast,North,Terrace
A412,Terrace Public Library,Terrace Public Library,North Coast,North,Terrace
A413,The Ashcroft HUB Society,The Ashcroft HUB Society,Cariboo , TNC,Ashcroft
A414,The Bridge Youth & Family Services Society,The Bridge Youth & Family Services Society,Thompson Okanagan , SIBC,Kelowna
A415,The Creative Centre Society,The Creative Centre Society for Mental Wellness,Lower Mainland , LMFV,Abbotsford
A415,The Creative Centre Society for Mental Wellness,The Creative Centre Society for Mental Wellness,Lower Mainland , LMFV,Abbotsford
A416,The Elizabeth  Fry Society of Greater Vancouver,The Elizabeth  Fry Society of Greater Vancouver,Lower Mainland , LMFV,Burnaby
A417,The Elizabeth Bagshaw Clinic,The Elizabeth Bagshaw Clinic,Lower Mainland , LMFV,Burnaby
A418,The Family Education & Support Centre,The Family Education & Support Centre,Lower Mainland , LMFV,Maple Ridge
A419,The Family Education and Support Centre,The Family Education and Support Centre,Lower Mainland , LMFV,Maple Ridge
A420,The John Howard Society of North Island,The John Howard Society of North Island,Vancouver Island ,CNVI,Courtenay
A421,The John Howard Society of Okanagan & Kootenay,The John Howard Society of Okanagan & Kootenay,Vancouver Island ,CNVI,Courtenay
A422,The Kehila Society of Richmond,The Kehila Society of Richmond,Lower Mainland , LMFV,Richmond
A423,The Little Food Bank in the Park,The Little Food Bank in the Park,Lower Mainland , LMFV,Chilliwack
A424,The Lower Mainland Purpose Society,The Lower Mainland Purpose Society,Lower Mainland , LMFV,Chilliwack
A425,The Mustard Seed,The Mustard Seed,Vancouver Island ,CNVI,Victoria
A426,The Red Badge Foundation,The Red Badge Foundation ,Lower Mainland , LMFV,Chilliwack
A426,The Red Badge Foundation ,The Red Badge Foundation ,Lower Mainland , LMFV,Chilliwack
A427,The Salvation Army Boundless Vancouver,The Salvation Army Boundless Vancouver,Lower Mainland , LMFV,Vancouver
A428,The Skills Centre,The Skills Centre,Kootenay , SIBC,Trail
A429,The Tree,The Tree,Thompson Okanagan , SIBC,Kamloops
A430,The Vivian,The Vivian,Lower Mainland , LMFV,Vancouver
A431,Tilicum Lelum,Tilicum Lelum,Vancouver Island , CNVI,Nanaimo
A432,TNC - no specific item breakdown,TNC - no specific item breakdown,,,
A433,Touchstone Family Association,Touchstone Family Association,Lower Mainland , LMFV,Richmond
A434,Trail FAIR Society,Trail FAIR Society,Kootenay , SIBC,Trail
A435,Trail Family and Individual Resource (FAIR) Centre Society,Trail Family And Individual Resources Society,Kootenay , SIBC,Trail
A435,Trail Family And Individual Resources Society,Trail Family And Individual Resources Society,Kootenay , SIBC,Trail
A436,Trail Salvation Army,Trail Salvation Army,Kootenay , SIBC,
A437,Trail United Church Food Bank,Trail United Church Food Bank,Kootenay , SIBC,
A438,Trail Youth Action Network,Trail Youth Action Network,Kootenay , SIBC,Trail
A439,Trail Youth Centre,Trail Youth Centre,Kootenay , SIBC,Trail
A440,Tri City Transitions Society,Tri-City Transitions Society,Lower Mainland , LMFV,Port Coquitlam
A440,Tri City Transitions Society,Tri-City Transitions Society,Lower Mainland , LMFV,Port Coquitlam
A440,Tricities,Tri-City Transitions Society,Lower Mainland , LMFV,Port Coquitlam
A440,Tri-City Transition Society,Tri-City Transitions Society,Lower Mainland , LMFV,Port Coquitlam
A440,Tri-City Transitions Society,Tri-City Transitions Society,Lower Mainland , LMFV,Port Coquitlam
A441,Ukraine Harmony Foundation ,Ukraine Harmony Foundation,Lower Mainland , LMFV,Burnaby
A442,UNBC,UNBC,North Coast,North,Prince George
A442,UNBC ,UNBC,North Coast,North,Prince George
A442,UNBC (Terrace campus),UNBC,North Coast,North,Prince George
A443,CIFPC-United Church Food Bank,United Church Food Bank ,Kootenay , SIBC,
A444,United for Literacy/ Littératie Ensemble,United for Literacy/ Littératie Ensemble,Lower Mainland , LMFV,Vancouver
A445,United for Ukraine Extras,United for Ukraine Extras,Lower Mainland , LMFV,Vancouver
A446,United Way Food Hubs,United Way Food Hubs,Lower Mainland , LMFV,Vancouver
A447,University of Fraser Valley,University of Fraser Valley,Lower Mainland , LMFV,Vancouver
A448,University of the Fraser Valley,University of the Fraser Valley,Lower Mainland , LMFV,Mission
A449,UNYA (Urban Native Youth Association),UNYA (Urban Native Youth Association),Lower Mainland , LMFV,Vancouver
A450,Upper Room Mission,Upper Room Mission,Thompson Okanagan , SIBC,
A451,Urban Native Youth Association,Urban Native Youth Association,Lower Mainland , LMFV,Vancouver
A452,UWLM,UWLM,Lower Mainland , LMFV,Burnaby
A453,UWNBC Office,UWNBC Office,Lower Mainland , LMFV,Vancouver
A453,UWNBC Office ,UWNBC Office,North Coast,North,Prince George
A454,VAFCS,VAFCS,North Coast,North,Prince George
A455,Valley Oak Medical Clinic,Valley Oak Medical Clinic,Lower Mainland , LMFV,Surrey
A456,Vancouver / Agassiz & Hope Food Banks,Vancouver / Agassiz & Hope Food Banks,Lower Mainland , LMFV,Vancouver
A457,Vancouver Aboriginal Child & Family,Vancouver Aboriginal Child & Family,Lower Mainland , LMFV,Vancouver
A457,Vancouver Aboriginal Child & Family Services Society,Vancouver Aboriginal Child & Family,Lower Mainland , LMFV,Vancouver
A457,Vancouver Aboriginal Child and Family Services Society,Vancouver Aboriginal Child & Family,Lower Mainland , LMFV,Vancouver
A458,VANCOUVER ABORIGINAL FRIENDSHIP CENTER SOCIETY,Vancouver Aboriginal Friendship Centre Society,Lower Mainland , LMFV,Vancouver
A458,Vancouver Aboriginal Friendship Centre Society,Vancouver Aboriginal Friendship Centre Society,Lower Mainland , LMFV,Vancouver
A458,Vancouver Aboriginal Friendship centre Society ,Vancouver Aboriginal Friendship Centre Society,Lower Mainland , LMFV,Vancouver
A458,Vancouver Aboriginal Friendship Society,Vancouver Aboriginal Friendship Centre Society,Lower Mainland , LMFV,Vancouver
A459,Vancouver Aboriginal Health Society,Vancouver Aboriginal Health Society,Lower Mainland , LMFV,Vancouver
A460,Vancouver AIDS Society,Vancouver AIDS Society,Lower Mainland , LMFV,Vancouver
A461,Vancouver Cedar Project,Vancouver Cedar Project,Lower Mainland , LMFV,Vancouver
A462,Vancouver Island Regional Library,Vancouver Island Regional Library,Lower Mainland , LMFV,Vancouver
A463,Vancouver Rape Relief & Women's Shelter,Vancouver Rape Relief & Women's Shelter,Lower Mainland , LMFV,Vancouver
A464,Vanderhoof Integris,Vanderhoof Integris,North Coast,North,Quesnel
A464,Vanderhoof Integris,Vanderhoof Integris,North Coast,North,Quesnel
A465,VDLC,VDLC,Lower Mainland , LMFV,Vancouver
A465,VDLC,VDLC,Lower Mainland , LMFV,Vancouver
A466,Veritiv Purchase,Veritiv,Lower Mainland , LMFV,New Westminster
A466,Veritiv Purchase,Veritiv,Lower Mainland , LMFV,New Westminster
A467,Veritiv ,Veritiv ,Lower Mainland , LMFV,New Westminster
A468,Vermillion Forks Metis Association,Vermillion Forks Metis Association,Thompson Okanagan , SIBC,Princeton
A469,Village of Burns Lake,Village of Burns Lake,North Coast,North,Burns Lake
A469,Village of Burns Lake,Village of Burns Lake,North Coast,North,Burns Lake
A469,Village of Burns Lake / multiplex,Village of Burns Lake,North Coast,North,Burns Lake
A469,Village of Burns Lake / multiplex ,Village of Burns Lake,North Coast,North,Burns Lake
A469,Village of Burns Lake / multiplex ,Village of Burns Lake,North Coast,North,Burns Lake
A470,W I N G S Fellowship Ministries,W I N G S Fellowship Ministries,Lower Mainland , LMFV,New Westminster
A471,W.E. community service society ,W.E. community service society ,Kootenay , SIBC,Slocan
A472,"W.E. Graham Community Services, Food Bank","W.E. Graham Community Services, Food Bank",Kootenay , SIBC,
A473,Wachiay Friendship Centre,Wachiay Friendship Centre,Vancouver Island ,CNVI,Courtenay
A474,Watari Research Association,Watari Research Association,Lower Mainland , LMFV,Vancouver
A475,We Help Ukraine Kelowna,We Help Ukraine Kelowna,Thompson Okanagan , SIBC,Kelowna
A476,Westcoast Family Centres Society,Westcoast Family Centres Society,Lower Mainland , LMFV,Vancouver
A477,Western Institute for the Deaf and Hard of Hearing,Western Institute for the Deaf and Hard of Hearing,Lower Mainland , LMFV,Vancouver
A478,Whole Wheat and Honey Cafe,Whole Wheat and Honey Cafe,Northeast,Northeast ,Fort St John
A478,Whole Wheat and Honey Cafe ,Whole Wheat and Honey Cafe,Northeast,Northeast ,Fort St John
A478,Whole Wheat and Honey Cafe ,Whole Wheat and Honey Cafe,Northeast,Northeast ,Fort St John
A479,Wild Roots Flowers,Wild Roots Flowers & Gifts,North Coast,North,Burns Lake
A479,Wild Roots Flowers,Wild Roots Flowers & Gifts,North Coast,North,Burns Lake
A479,Wild Roots Flowers & Gifts,Wild Roots Flowers & Gifts,North Coast,North,Burns Lake
A479,Wild Roots Flowers & Gifts,Wild Roots Flowers & Gifts,North Coast,North,Burns Lake
A480,Williams Lake First Nation,Williams Lake First Nation,Cariboo , TNC,
A481,WINGS,WINGS,Lower Mainland , LMFV,New Westminster
A482,Wish,WISH Drop-in Centre,Lower Mainland , LMFV,Vancouver
A482,Wish,WISH Drop-in Centre,Lower Mainland , LMFV,Vancouver
A482,Wish,WISH Drop-in Centre,Lower Mainland , LMFV,Vancouver
A482,WISH Drop In Centre,WISH Drop-in Centre,Lower Mainland , LMFV,Vancouver
A482,WISH Drop-in Centre,WISH Drop-in Centre,Lower Mainland , LMFV,Vancouver
A482,WISH Drop-In Centre Society,WISH Drop-in Centre,Lower Mainland , LMFV,Vancouver
A483,Wishing Tree,Wishing Tree,Lower Mainland , LMFV,Vancouver
A483,Wishing Tree,Wishing Tree,Lower Mainland , LMFV,Vancouver
A484,Wisteria Community Association,Wisteria Community Association,Lower Mainland , LMFV,Vancouver
A485,Women's Information & Safe House Drop-In Centre Society - WISH,Women's Information & Safe House Drop-In Centre Society - WISH,Lower Mainland , LMFV,Vancouver
A486,Women's Resource Centre-Community Connections Society,Women's Resource Centre-Community Connections Society,Kootenay , SIBC,
A487,Work BC,Work BC,Lower Mainland , LMFV,Vancouver
A487,Work BC,Work BC,Lower Mainland , LMFV,Vancouver
A488,Xwisten Indian Band ,Xwisten Indian Band ,Thompson Okanagan , SIBC,
A489,Yale First Nation,Yale First Nation,Lower Mainland , LMFV,Hope
A489,Yale First Nation,Yale First Nation,Lower Mainland , LMFV,Hope
A490,Yellowhead Community Services Society,Yellowhead Community Services Society,Lower Mainland , LMFV,Vancouver
A491,YMCA of Greater Vancouver,YMCA of Greater Vancouver,Lower Mainland , LMFV,Vancouver
A491,YMCA of Greater Vancouver,YMCA of Greater Vancouver,Lower Mainland , LMFV,Vancouver
A491,YWCA OF Greater Vancouver,YMCA of Greater Vancouver,Lower Mainland , LMFV,Vancouver
A491,YWCA OF Greater Vancouver,YMCA of Greater Vancouver,Lower Mainland , LMFV,Vancouver
A492,YWCA Crabtree Corner (volunteer delivery),YWCA Crabtree Corner (volunteer delivery),Lower Mainland , LMFV,Vancouver
A493,YWCA Metro Vancouver,YWCA Metro Vancouver,Lower Mainland , LMFV,Vancouver
A494,?aq?am ,?aq?am ,,,
